32500,0101,93219,Taxa per expedició documents serveis gen,18745.8,18745.8,34390.06
32905,0101,93219,Taxes per accés oferta pública,87000,87000,80223.58
34930,0101,93219,Productes i serveis de Bcn Informació,10,10,0
36000,0101,93219,Publicacions,49900.15,49900.15,149569.71
36001,0101,93219,Publicitat en publicacions municipals,10,10,0
36002,0101,93219,Difusió d'informació per compte de terc.,29932.2,29932.2,115328.17
36100,0101,93219,Venda d'energia solar fotovoltaica,320000,320000,0
36200,0101,93219,Venda de material inservible,10,10,4009.42
36300,0101,93219,Impresos,10,10,0
36401,0101,93219,Treballs impremta municipal,20000,20000,57006.68
36501,0101,93219,Altres vendes,0,0,738.84
38903,0101,93219,Pagaments indeguts d'exercicis anteriors,176121.37,176121.37,288202.94
38908,0101,93219,Reintegrament despeses,10,10,2487.86
38910,0101,93219,Reintegraments subvencions SIR,10,10,0
39130,0101,93219,Infraccions ordenances,2151459.5,2151459.5,7172722.25
39140,0101,93219,Infraccions d'ordenances inspecció (sanc,616276.5,616276.5,6059.88
39191,0101,93219,Sancions de Contractes,10,10,0
39300,0101,93219,Interessos de demora,11.57,11.57,2537.77
39901,0101,93219,Tarifa plataforma telefònica,500000,500000,149943.12
39903,0101,93219,Indemnitzacions desperfectes OOAA,10,10,0
39904,0101,93219,Indemnitzacions,9.16,9.16,0
39909,0101,93219,Sentències jutjats i tribunals,28000,28000,13609.29
39912,0101,93219,Incautació de dipòsits,10,10,0
39999,0101,93219,Altres ingressos diversos,210,210,69328.43
41000,0101,93219,Aport. d'OOAA de l'Ajuntament Barcelona,10,37156.41,37156.41
42090,0101,93219,Altres transf. corrents de l'A.G.Estat,10,10,0
42092,0101,93219,Subvencions fin. A.G. Estat eleccions,10,10,0
42110,0101,93219,Aportacions INE eleccions,10,10,0
45051,0101,93219,Subvencions fin. Generalitat (ocupació),20,20,0
45060,0101,93219,Altres transferències de la CCAA conveni,10,10,0
45080,0101,93219,Altres subvencions de la CCAA,10,10,0
45081,0101,93219,Subvencions fin. Gener. per eleccions,10,10,593707.46
46100,0101,93219,Aportacions de la Diputació de Barcelona,10,10,0
46200,0101,93219,Transferències d'Ajuntaments,10,10,0
46900,0101,93219,Altres subvencions d'entitats locals,10,10,0
47000,0101,93219,Aportacions finalistes empreses privades,10,10,0
48010,0101,93219,Aport. finalistes famílies i institucion,10,10,0
49700,0101,93219,Aport. UE i d'altres municipis europeus,13.33,13.33,252585
55002,0101,93219,Altres concessions administratives,0,0,51935.84
55100,0101,93219,Conces. admtves. cotraprestació no periòdica,10,10,0
42093,0102,93219,Aport. Estat formació de personal,10,10,0
45103,0102,93219,Aportacio EAPC Formació de personal,10,10,170900.91
32500,0201,93219,Taxa per expedició documents serveis gen,3.41,3.41,115
34100,0201,93219,Residència-habitatge tutelat-centres dia,2763000,2763000,2644515.2
34101,0201,93219,Equipaments gent gran,10,10,314.91
34102,0201,93219,Serveis d'atenció domiciliària,10,10,0
34103,0201,93219,Activitats Centre de dia,0,0,3037.22
34400,0201,93219,Actes culturals,7100.42,7100.42,6231.94
34901,0201,93219,Activitats Centres Oberts,30000,30000,30185.55
34902,0201,93219,Atenció a les famílies,10,10,6256.36
36000,0201,93219,Publicacions,7.68,7.68,0
38903,0201,93219,Pagaments indeguts d'exercicis anteriors,7.56,7.56,283531.17
38906,0201,93219,Reintegraments per subministres,2.35,2.35,0
38910,0201,93219,Reintegraments subvencions SIR,10,10,0
39191,0201,93219,Sancions de Contractes,10,10,0
39192,0201,93219,Sancions incompliment Llei,0,0,350000
39800,0201,93219,Indemnitzacions Assegurances No de Vida,0,0,4339.23
39904,0201,93219,Indemnitzacions,9.16,9.16,0
39912,0201,93219,Incautació de dipòsits,10,10,0
41000,0201,93219,Aport. d'OOAA de l'Ajuntament Barcelona,10,10,198771.1
42090,0201,93219,Altres transf. corrents de l'A.G.Estat,10,10,0
42190,0201,93219,D'altres organismes autònoms i agències,0,6226.4,6226.4
45030,0201,93219,Subv. finanlistes Generalitat per l'IMEB,1171005,1171005,1456671.31
45040,0201,93219,Subv. finalistes Gen. atenció primària,24721321.12,26456482,26404935.9
45041,0201,93219,Subv. finalistes Generalitat per l'EAIA,3922166,3997655.5,3997655.5
45042,0201,93219,Aportació de Generalitat per a gent gran,3400000,3400000,3608666.11
45043,0201,93219,Aport. Generalitat conveni discapacitats,1502250,1863480.67,1822318.17
45045,0201,93219,Subv. Generalitat per a SAD dependència,22000000,24225000,22406819.19
45047,0201,93219,Altres subv. Generalitat Conv. Marc S.S.,233598,292647.52,292647.52
45048,0201,93219,Serveis Informació i atenció dones - SIA,10,10,0
45049,0201,93219,Generalitat-Desenvolupament comunitari,311467,311467,0
45053,0201,93219,Generalitat-Programes joventut,18325,18325,17337.5
45080,0201,93219,Altres subvencions de la CCAA,0,0,912.5
45102,0201,93219,Aportacions Agència Habitatge de la Generalitat,10,10,9300
46100,0201,93219,Aportacions de la Diputació de Barcelona,10,10,0
46110,0201,93219,Subv. finalistes de DiBa afers socials,10,10,0
46120,0201,93219,Aport. DiBa per a conveni discapacitats,10,10,0
46409,0201,93219,Aportació A.M.B.per gestio CUESB ampliat,0,398385.98,333929.77
46700,0201,93219,Aportacions de Consorcis,10,10,72822.36
47000,0201,93219,Aportacions finalistes empreses privades,10,10,0
48000,0201,93219,Aportacions de famílies i institucions,10,10,0
48010,0201,93219,Aport. finalistes famílies i institucion,10,10,0
49700,0201,93219,Aport. UE i d'altres municipis europeus,13.33,1821223.34,1807249.78
49920,0201,93219,Altres aportacions de l’exterior,1039885.92,1039885.92,0
45083,0301,93219,Fons Foment Turisme,0,5227079.25,5526873.75
46100,0301,93219,Aportacions de la Diputació de Barcelona,0,0,123000
30902,0401,93219,Taxa per extinció d'incendis i salvament,89000,89000,129652.19
30904,0401,93219,Taxa per prestacions serveis GU,435000,435000,351819.05
32500,0401,93219,Taxa per expedició documents serveis gen,467783,467783,919629.14
32602,0401,93219,Taxa permanències al dipòsit municipal,1000,1000,179.51
32902,0401,93219,Taxa per expedició de documents GU,7000,7000,2759.55
32904,0401,93219,Recollida i trasllat dipòsit elements vi,909.09,909.09,583.56
32912,0401,93219,Taxa per anàlisi d'alcoholèmies,1500,1500,0
32913,0401,93219,Taxa per anàlisi de drogo-test,1500,1500,0
32916,0401,93219,Taxa per còpies autoritzades informes accidents,749000,749000,1082406.82
32918,0401,93219,Taxa per concessió targetes carabines i pistoles,9000,9000,248.9
32919,0401,93219,Taxa per préstec roba SPEIS,18000,18000,4543.98
33001,0401,93219,Taxa reserva estacionament,13198.55,13198.55,0
33502,0401,93219,Taxes d'altres ocupacions via pública,226865,226865,519291
33902,0401,93219,Taxa per serveis especials de vialitat,0,0,251101.59
33904,0401,93219,Taxa ocupació vp per mudances,10,10,1210742.01
33905,0401,93219,Taxa ocupació vp per bastides,0,0,0
33906,0401,93219,Taxa ocupació vp per grues,10,10,0
33907,0401,93219,Taxa ocupació vp per reserves,0,0,2774.01
34901,0401,93219,Activitats Centres Oberts,0,0,2993.5
34910,0401,93219,Unitat montada i secció canina de la GU,10,10,246.26
34911,0401,93219,Cursos SPEIS,30000,30000,94237.67
34912,0401,93219,Cursos formació policial (GU),10,10,0
34913,0401,93219,Cursos utilització torre de pràctiques,10,10,0
34914,0401,93219,Formació Policial a Tercers,10,10,1868.4
35100,0401,93219,Contribucions especials per serveis públ,10,10,0
39120,0401,93219,Infraccions trànsit - ajuntament,46985000,46985000,50404732.12
39130,0401,93219,Infraccions ordenances,42986.48,42986.48,377534.69
39191,0401,93219,Sancions de Contractes,10,10,0
39902,0401,93219,Prevenció i extinció incendis port bcn,10,10,0
39904,0401,93219,Indemnitzacions,45786.53,45786.53,73411.97
39907,0401,93219,Altres ingressos seguretat i mobilitat,29958.96,29958.96,20549.5
39911,0401,93219,Compensacio costos,7568528.9,7568528.9,0
39912,0401,93219,Incautació de dipòsits,10,10,0
39917,0401,93219,Regul.per fin.contr.(renting vehicles),10,10,16271.07
41000,0401,93219,Aport. d'OOAA de l'Ajuntament Barcelona,10,10,0
42090,0401,93219,Altres transf. corrents de l'A.G.Estat,10,10,0
45080,0401,93219,Altres subvencions de la CCAA,10,10,0
46100,0401,93219,Aportacions de la Diputació de Barcelona,10,10,0
47000,0401,93219,Aportacions finalistes empreses privades,10,10,25000
48010,0401,93219,Aport. finalistes famílies i institucion,10,10,0
49700,0401,93219,Aport. UE i d'altres municipis europeus,13.33,13.33,0
29000,0501,93219,"Impost s/ construccions, instal·lacions",8929288.59,8929288.59,4545663.3
32100,0501,93219,Taxes per llicències d'obres,7894061.26,7894061.26,4136527.93
32301,0501,93219,"Taxes informes, planols i certificats ur (SIR)",5155.54,5155.54,0
32500,0501,93219,Taxa per expedició documents serveis gen,340.83,340.83,0
36000,0501,93219,Publicacions,7.68,7.68,0
36002,0501,93219,Difusió d'informació per compte de terc.,5.65,5.65,0
38903,0501,93219,Pagaments indeguts d'exercicis anteriors,3779.62,3779.62,865083.74
39191,0501,93219,Sancions de Contractes,10,10,0
39900,0501,93219,Execucions subsidiàries,50008.79,50008.79,0
39904,0501,93219,Indemnitzacions,22893.27,22893.27,126487.2
39912,0501,93219,Incautació de dipòsits,10,10,0
39916,0501,93219,Prestació serveis tècnics projectes i o.,10,10,0
41000,0501,93219,Aport. d'OOAA de l'Ajuntament Barcelona,10,10,0
45080,0501,93219,Altres subvencions de la CCAA,10,10,0
47000,0501,93219,Aportacions finalistes empreses privades,10,10,0
29000,0502,93219,"Impost s/ construccions, instal·lacions",7441.07,7441.07,53678.41
30100,0502,16011,Taxa de clavegueram,15107000,15107000,15272390.35
30901,0502,93219,Taxa per retirada de sacs i contenidors,10,10,0
32100,0502,93219,Taxes per llicències d'obres,134762.64,134762.64,92416.09
32500,0502,93219,Taxa per expedició documents serveis gen,0,0,3705.04
32903,0502,93219,Taxa de salut pública i animals,31000,31000,107496.3
33200,0502,93219,Taxa uti. priv. empreses explot. submini,25551000,25551000,21878775.88
33300,0502,93219,Taxa uti. priv. empreses explot. telecos,1024000,1024000,897082.05
33800,0502,93219,Compensació Telefònica de España SA,7050000,7050000,7699917.76
33900,0502,93219,Taxa utilitza. privada enllumenat públic,1000,1000,656.1
33901,0502,93219,Taxa utilització privada fonts ornamenta,63000,63000,49657.87
33902,0502,93219,Taxa per serveis especials de vialitat,145500,145500,52.8
34920,0502,93219,Recollida comercial residus,18467000,18467000,18786800.38
34921,0502,93219,Preus púb. servei especial neteja i rec.,5620000,5620000,4201634.54
36002,0502,93219,Difusió d'informació per compte de terc.,5.65,5.65,0
36300,0502,93219,Impresos,10,10,0
36500,0502,93219,Venda de recollida selectiva residus,9100000,9100000,7475850.23
38903,0502,93219,Pagaments indeguts d'exercicis anteriors,3779.62,3779.62,125132.16
39130,0502,93219,Infraccions ordenances,515837.85,515837.85,180418.57
39191,0502,93219,Sancions de Contractes,10,10,0
39900,0502,93219,Execucions subsidiàries,24987.01,24987.01,0
39904,0502,93219,Indemnitzacions,141938.26,141938.26,0
39910,0502,93219,Serveis especials educació ambiental,3000,3000,11199.28
39912,0502,93219,Incautació de dipòsits,10,10,0
39919,0502,93219,Exec. subsidiària Medi Ambient,151500,151500,199286.86
39920,0502,93219,Exec. subsidiària Ordenança Convivència,10,10,2977.35
41000,0502,93219,Aport. d'OOAA de l'Ajuntament Barcelona,10,10,0
42120,0502,93219,Aportacions IMSERSO,10,10,0
45080,0502,93219,Altres subvencions de la CCAA,10,10,0
45300,0502,93219,D'empreses públiques i altres de CCAA,10,10,0
46401,0502,16221,Aportació AMB (TMTR),0,0,0
46402,0502,93219,Subv.retorn cànon dep.residus (AMB),448000,448000,0
47000,0502,93219,Aportacions finalistes empreses privades,10,10,0
61924,0502,93219,Venda equips mesura gasos,10,10,0
39912,0503,93219,Incautació de dipòsits,10,10,0
45080,0503,93219,Altres subvencions de la CCAA,10,10,0
47000,0503,93219,Aportacions finalistes empreses privades,10,10,0
32917,0504,93219,Taxa per autorització Transport Escolar i menors,10000,10000,0
39912,0504,93219,Incautació de dipòsits,10,10,0
44100,0504,93219,De societats mercantils de l'Ajuntament,0,60000,89501.71
45060,0504,93219,Altres transferències de la CCAA conveni,0,20000,14333.34
45080,0504,93219,Altres subvencions de la CCAA,10,10,0
45101,0504,93219,Aport. SCT per al manteniment de rondes,386285,386285,0
46408,0504,93219,Aportacions de l'Area Metropolitana,0,20000,20000
47000,0504,93219,Aportacions finalistes empreses privades,10,120010,229468.75
49700,0504,93219,Aport. UE i d'altres municipis europeus,0,0,176445.1
79700,0504,93219,Aportacions UE i d'altres municipis europeus,0,0,-97802.26
29000,0601,93219,"Impost s/ construccions, instal·lacions",892928.87,892928.87,2360915.96
32100,0601,93219,Taxes per llicències d'obres,48514.55,48514.55,3317.17
32101,0601,93219,Taxes per llicències d'activitats,89479.77,89479.77,108736.25
32300,0601,93219,Taxa inspecció d'execució d'obres,10,10,0
32301,0601,93219,"Taxes informes, planols i certificats ur (SIR)",47913.8,47913.8,14523.41
32500,0601,93219,Taxa per expedició documents serveis gen,1567.83,1567.83,6361.06
32904,0601,93219,Recollida i trasllat dipòsit elements vi,909.09,909.09,389.04
33001,0601,93219,Taxa reserva estacionament,65992.77,65992.77,57675.73
33100,0601,93219,Taxa per entrada vehicles (Guals),346645.3,346645.3,353697.12
33500,0601,93219,Taxa de taules i cadires (vetlladors),814373.36,814373.36,773618.71
33502,0601,93219,Taxes d'altres ocupacions via pública,580507.5,580507.5,986150.13
34300,0601,93219,Activitats centres esportius,10,10,0
34400,0601,93219,Actes culturals,9.39,9.39,0
34900,0601,93219,Activitats centres civics districtes,5.78,5.78,0
36000,0601,93219,Publicacions,7.68,7.68,0
36002,0601,93219,Difusió d'informació per compte de terc.,5.65,5.65,0
36300,0601,93219,Impresos,10,10,0
38903,0601,93219,Pagaments indeguts d'exercicis anteriors,7559.23,7559.23,30053.76
38906,0601,93219,Reintegraments per subministres,2.35,2.35,0
38910,0601,93219,Reintegraments subvencions SIR,10,10,0
39130,0601,93219,Infraccions ordenances,803635.55,803635.55,3016338.32
39191,0601,93219,Sancions de Contractes,10,10,0
39900,0601,93219,Execucions subsidiàries,0.42,0.42,163620.63
39904,0601,93219,Indemnitzacions,9.16,9.16,8716.21
39907,0601,93219,Altres ingressos seguretat i mobilitat,4.1,4.1,0
39912,0601,93219,Incautació de dipòsits,10,10,0
39913,0601,93219,Actuacions fires del districte,10,10,0
41000,0601,93219,Aport. d'OOAA de l'Ajuntament Barcelona,10,24182.94,24182.94
45080,0601,93219,Altres subvencions de la CCAA,10,10,0
47000,0601,93219,Aportacions finalistes empreses privades,10,10,0
48010,0601,93219,Aport. finalistes famílies i institucion,10,10,0
55002,0601,93219,Altres concessions administratives,13833.56,13833.56,37009.19
29000,0602,93219,"Impost s/ construccions, instal·lacions",3720536.91,3720536.91,4313615.77
32100,0602,93219,Taxes per llicències d'obres,121286.37,121286.37,16261.27
32101,0602,93219,Taxes per llicències d'activitats,379092.48,379092.48,261904.51
32300,0602,93219,Taxa inspecció d'execució d'obres,10,10,0
32301,0602,93219,"Taxes informes, planols i certificats ur (SIR)",5988.76,5988.76,25262.34
32500,0602,93219,Taxa per expedició documents serveis gen,3550.35,3550.35,5938.78
32904,0602,93219,Recollida i trasllat dipòsit elements vi,909.09,909.09,1167.12
33001,0602,93219,Taxa reserva estacionament,238180.47,238180.47,175417.35
33100,0602,93219,Taxa per entrada vehicles (Guals),2599839.75,2599839.75,2573417.56
33500,0602,93219,Taxa de taules i cadires (vetlladors),2198136.73,2198136.73,1963577.1
33502,0602,93219,Taxes d'altres ocupacions via pública,998770,998770,716176.07
34300,0602,93219,Activitats centres esportius,10,10,0
34400,0602,93219,Actes culturals,9.39,9.39,0
34900,0602,93219,Activitats centres civics districtes,5.78,5.78,0
36000,0602,93219,Publicacions,7.68,7.68,0
36002,0602,93219,Difusió d'informació per compte de terc.,5.65,5.65,0
36300,0602,93219,Impresos,10,10,0
38903,0602,93219,Pagaments indeguts d'exercicis anteriors,3779.62,3779.62,72
38906,0602,93219,Reintegraments per subministres,25684.13,25684.13,37008.44
38910,0602,93219,Reintegraments subvencions SIR,10,10,20192.13
39100,0602,93219,Infraccions urbanístiques,0,0,70500
39130,0602,93219,Infraccions ordenances,584462.22,584462.22,1970080.52
39191,0602,93219,Sancions de Contractes,10,10,0
39900,0602,93219,Execucions subsidiàries,0.42,0.42,16098.24
39904,0602,93219,Indemnitzacions,10530.9,10530.9,34276.53
39907,0602,93219,Altres ingressos seguretat i mobilitat,4.1,4.1,0
39912,0602,93219,Incautació de dipòsits,10,10,0
39913,0602,93219,Actuacions fires del districte,10,10,0
41000,0602,93219,Aport. d'OOAA de l'Ajuntament Barcelona,10,10,0
45080,0602,93219,Altres subvencions de la CCAA,10,10,0
47000,0602,93219,Aportacions finalistes empreses privades,10,10,26824.25
48010,0602,93219,Aport. finalistes famílies i institucion,10,10,0
55002,0602,93219,Altres concessions administratives,744.88,744.88,700
29000,0603,93219,"Impost s/ construccions, instal·lacions",1785857.71,1785857.71,2975448.59
32100,0603,93219,Taxes per llicències d'obres,113200.6,113200.6,22474.9
32101,0603,93219,Taxes per llicències d'activitats,107375.72,107375.72,108237
32300,0603,93219,Taxa inspecció d'execució d'obres,10,10,0
32301,0603,93219,"Taxes informes, planols i certificats ur (SIR)",31940.03,31940.03,11896.96
32500,0603,93219,Taxa per expedició documents serveis gen,783.92,783.92,1724.51
32904,0603,93219,Recollida i trasllat dipòsit elements vi,909.09,909.09,583.56
33001,0603,93219,Taxa reserva estacionament,17818.04,17818.04,25801.09
33100,0603,93219,Taxa per entrada vehicles (Guals),1430159.46,1430159.46,1486872.26
33500,0603,93219,Taxa de taules i cadires (vetlladors),305390.01,305390.01,291377.64
33502,0603,93219,Taxes d'altres ocupacions via pública,100087.5,100087.5,158533.35
34300,0603,93219,Activitats centres esportius,10,10,0
34400,0603,93219,Actes culturals,3240.27,3240.27,4317.64
34900,0603,93219,Activitats centres civics districtes,17956.93,17956.93,44627.96
36000,0603,93219,Publicacions,7.68,7.68,0
36002,0603,93219,Difusió d'informació per compte de terc.,5.65,5.65,0
36300,0603,93219,Impresos,10,10,0
38903,0603,93219,Pagaments indeguts d'exercicis anteriors,3779.62,3779.62,9256.77
38906,0603,93219,Reintegraments per subministres,540.72,540.72,0
38910,0603,93219,Reintegraments subvencions SIR,10,10,0
39130,0603,93219,Infraccions ordenances,175338.67,175338.67,812473.68
39191,0603,93219,Sancions de Contractes,10,10,0
39900,0603,93219,Execucions subsidiàries,0.42,0.42,128317.2
39904,0603,93219,Indemnitzacions,41070.52,41070.52,17363.19
39906,0603,93219,Actuacions mercadillos varis,201000,201000,230942.42
39907,0603,93219,Altres ingressos seguretat i mobilitat,4.1,4.1,0
39912,0603,93219,Incautació de dipòsits,10,10,0
39913,0603,93219,Actuacions fires del districte,10,10,0
41000,0603,93219,Aport. d'OOAA de l'Ajuntament Barcelona,10,38500,49739.77
45080,0603,93219,Altres subvencions de la CCAA,10,10,0
47000,0603,93219,Aportacions finalistes empreses privades,10,10,0
48010,0603,93219,Aport. finalistes famílies i institucion,10,25022.01,25022.01
55002,0603,93219,Altres concessions administratives,37244.19,37244.19,52533.04
29000,0604,93219,"Impost s/ construccions, instal·lacions",595285.92,595285.92,2414087.37
32100,0604,93219,Taxes per llicències d'obres,43124.05,43124.05,15443.21
32101,0604,93219,Taxes per llicències d'activitats,59653.18,59653.18,71765.52
32300,0604,93219,Taxa inspecció d'execució d'obres,10,10,0
32301,0604,93219,"Taxes informes, planols i certificats ur (SIR)",1996.25,1996.25,3462
32500,0604,93219,Taxa per expedició documents serveis gen,783.92,783.92,641.2
32904,0604,93219,Recollida i trasllat dipòsit elements vi,909.09,909.09,0
33001,0604,93219,Taxa reserva estacionament,36296.02,36296.02,64346.22
33100,0604,93219,Taxa per entrada vehicles (Guals),1600510.87,1600510.87,1671866.28
33500,0604,93219,Taxa de taules i cadires (vetlladors),183234.01,183234.01,233782.96
33502,0604,93219,Taxes d'altres ocupacions via pública,226865,226865,304369.75
34300,0604,93219,Activitats centres esportius,10,10,0
34400,0604,93219,Actes culturals,9.39,9.39,2848.11
34900,0604,93219,Activitats centres civics districtes,16294.25,16294.25,37611.72
36000,0604,93219,Publicacions,7.68,7.68,0
36002,0604,93219,Difusió d'informació per compte de terc.,5.65,5.65,0
36300,0604,93219,Impresos,10,10,0
38903,0604,93219,Pagaments indeguts d'exercicis anteriors,3779.62,3779.62,10143.72
38906,0604,93219,Reintegraments per subministres,2.35,2.35,0
38910,0604,93219,Reintegraments subvencions SIR,10,10,0
39100,0604,93219,Infraccions urbanístiques,0,0,28800
39130,0604,93219,Infraccions ordenances,102280.89,102280.89,152992.1
39191,0604,93219,Sancions de Contractes,10,10,0
39900,0604,93219,Execucions subsidiàries,0.42,0.42,842.23
39904,0604,93219,Indemnitzacions,9.16,9.16,1490.07
39907,0604,93219,Altres ingressos seguretat i mobilitat,4.1,4.1,0
39912,0604,93219,Incautació de dipòsits,10,10,0
39913,0604,93219,Actuacions fires del districte,10,10,0
41000,0604,93219,Aport. d'OOAA de l'Ajuntament Barcelona,10,10882.38,10882.38
45080,0604,93219,Altres subvencions de la CCAA,10,10,0
47000,0604,93219,Aportacions finalistes empreses privades,10,10,16456
48010,0604,93219,Aport. finalistes famílies i institucion,10,10,0
55002,0604,93219,Altres concessions administratives,6703.95,6703.95,5200
29000,0605,93219,"Impost s/ construccions, instal·lacions",1785857.71,1785857.71,2727025.88
32100,0605,93219,Taxes per llicències d'obres,26952.51,26952.51,16043
32101,0605,93219,Taxes per llicències d'activitats,104393.06,104393.06,117472
32300,0605,93219,Taxa inspecció d'execució d'obres,10,10,0
32301,0605,93219,"Taxes informes, planols i certificats ur (SIR)",17.36,17.36,14979
32302,0605,93219,"Taxes informes, planols i certificats ur (SAP)",700,700,1324
32500,0605,93219,Taxa per expedició documents serveis gen,195.98,195.98,4635.9
32904,0605,93219,Recollida i trasllat dipòsit elements vi,909.09,909.09,583.56
33001,0605,93219,Taxa reserva estacionament,39595.66,39595.66,59436.02
33100,0605,93219,Taxa per entrada vehicles (Guals),3049411.48,3049411.48,3567292.17
33500,0605,93219,Taxa de taules i cadires (vetlladors),254491.67,254491.67,382475.64
33502,0605,93219,Taxes d'altres ocupacions via pública,66725,66725,70933.19
34300,0605,93219,Activitats centres esportius,10,10,0
34400,0605,93219,Actes culturals,108.01,108.01,70
34900,0605,93219,Activitats centres civics districtes,9976.07,9976.07,13259.26
36000,0605,93219,Publicacions,7.68,7.68,0
36002,0605,93219,Difusió d'informació per compte de terc.,5.65,5.65,0
36300,0605,93219,Impresos,10,10,0
38903,0605,93219,Pagaments indeguts d'exercicis anteriors,3779.62,3779.62,3915.95
38906,0605,93219,Reintegraments per subministres,8110.78,8110.78,24875.18
38910,0605,93219,Reintegraments subvencions SIR,10,10,0
39130,0605,93219,Infraccions ordenances,146115.55,146115.55,765248.12
39191,0605,93219,Sancions de Contractes,10,10,0
39900,0605,93219,Execucions subsidiàries,0.42,0.42,103928.26
39904,0605,93219,Indemnitzacions,5265.45,5265.45,77.04
39907,0605,93219,Altres ingressos seguretat i mobilitat,4.1,4.1,0
39912,0605,93219,Incautació de dipòsits,10,10,0
39913,0605,93219,Actuacions fires del districte,10,10,0
41000,0605,93219,Aport. d'OOAA de l'Ajuntament Barcelona,10,10,0
45080,0605,93219,Altres subvencions de la CCAA,10,10,0
47000,0605,93219,Aportacions finalistes empreses privades,10,10,0
48010,0605,93219,Aport. finalistes famílies i institucion,10,10,0
55002,0605,93219,Altres concessions administratives,6384.72,6384.72,10401.17
29000,0606,93219,"Impost s/ construccions, instal·lacions",892928.87,892928.87,2399161.61
32100,0606,93219,Taxes per llicències d'obres,45819.3,45819.3,10354.79
32101,0606,93219,Taxes per llicències d'activitats,89479.77,89479.77,85455
32300,0606,93219,Taxa inspecció d'execució d'obres,10,10,0
32301,0606,93219,"Taxes informes, planols i certificats ur (SIR)",5988.76,5988.76,15419
32500,0606,93219,Taxa per expedició documents serveis gen,2743.7,2743.7,4147.68
32904,0606,93219,Recollida i trasllat dipòsit elements vi,909.09,909.09,583.56
33001,0606,93219,Taxa reserva estacionament,9898.92,9898.92,27307.61
33100,0606,93219,Taxa per entrada vehicles (Guals),1279616.36,1279616.36,1305214.47
33500,0606,93219,Taxa de taules i cadires (vetlladors),167964.5,167964.5,143686.01
33502,0606,93219,Taxes d'altres ocupacions via pública,66725,66725,145402.85
34300,0606,93219,Activitats centres esportius,10,10,0
34400,0606,93219,Actes culturals,12421.05,12421.05,14278.06
34900,0606,93219,Activitats centres civics districtes,5.78,5.78,23808.7
36000,0606,93219,Publicacions,7.68,7.68,0
36002,0606,93219,Difusió d'informació per compte de terc.,5.65,5.65,0
36300,0606,93219,Impresos,10,10,0
38903,0606,93219,Pagaments indeguts d'exercicis anteriors,3779.62,3779.62,13696.07
38906,0606,93219,Reintegraments per subministres,2.35,2.35,0
38910,0606,93219,Reintegraments subvencions SIR,10,10,0
39130,0606,93219,Infraccions ordenances,175338.67,175338.67,622701.05
39191,0606,93219,Sancions de Contractes,10,10,0
39900,0606,93219,Execucions subsidiàries,0.42,0.42,3470.78
39904,0606,93219,Indemnitzacions,21693.66,21693.66,1060.99
39907,0606,93219,Altres ingressos seguretat i mobilitat,4.1,4.1,0
39912,0606,93219,Incautació de dipòsits,10,10,0
39913,0606,93219,Actuacions fires del districte,10,10,0
39999,0606,93219,Altres ingressos diversos,0,0,1.1
41000,0606,93219,Aport. d'OOAA de l'Ajuntament Barcelona,10,10,6238.81
45080,0606,93219,Altres subvencions de la CCAA,10,10,0
47000,0606,93219,Aportacions finalistes empreses privades,10,10,34110.77
48010,0606,93219,Aport. finalistes famílies i institucion,10,10,0
55002,0606,93219,Altres concessions administratives,69167.78,69167.78,75610.19
29000,0607,93219,"Impost s/ construccions, instal·lacions",595285.91,595285.91,1165165.09
32100,0607,93219,Taxes per llicències d'obres,59295.57,59295.57,18558.14
32101,0607,93219,Taxes per llicències d'activitats,47722.54,47722.54,47922.1
32300,0607,93219,Taxa inspecció d'execució d'obres,10,10,0
32301,0607,93219,"Taxes informes, planols i certificats ur (SIR)",1996.25,1996.25,10232.63
32500,0607,93219,Taxa per expedició documents serveis gen,2273.35,2273.35,8942.5
32904,0607,93219,Recollida i trasllat dipòsit elements vi,909.09,909.09,0
33001,0607,93219,Taxa reserva estacionament,13198.55,13198.55,16213.29
33100,0607,93219,Taxa per entrada vehicles (Guals),1406389.5,1406389.5,1472041.31
33500,0607,93219,Taxa de taules i cadires (vetlladors),81437.33,81437.33,92636.32
33502,0607,93219,Taxes d'altres ocupacions via pública,26690,26690,47813.82
34300,0607,93219,Activitats centres esportius,10,10,0
34400,0607,93219,Actes culturals,216.02,216.02,1923.59
34900,0607,93219,Activitats centres civics districtes,4988.04,4988.04,3106.38
36000,0607,93219,Publicacions,7.68,7.68,0
36002,0607,93219,Difusió d'informació per compte de terc.,5.65,5.65,0
36300,0607,93219,Impresos,10,10,0
38903,0607,93219,Pagaments indeguts d'exercicis anteriors,3779.62,3779.62,11425.88
38906,0607,93219,Reintegraments per subministres,2.35,2.35,0
38910,0607,93219,Reintegraments subvencions SIR,10,10,0
39130,0607,93219,Infraccions ordenances,108856.09,108856.09,247661.56
39191,0607,93219,Sancions de Contractes,10,10,0
39900,0607,93219,Execucions subsidiàries,0.42,0.42,183949.79
39904,0607,93219,Indemnitzacions,6318.54,6318.54,1000
39907,0607,93219,Altres ingressos seguretat i mobilitat,4.1,4.1,0
39912,0607,93219,Incautació de dipòsits,10,10,0
39913,0607,93219,Actuacions fires del districte,10,10,0
41000,0607,93219,Aport. d'OOAA de l'Ajuntament Barcelona,10,10,0
45080,0607,93219,Altres subvencions de la CCAA,10,10,0
47000,0607,93219,Aportacions finalistes empreses privades,10,10,0
48010,0607,93219,Aport. finalistes famílies i institucion,10,10,0
55002,0607,93219,Altres concessions administratives,15961.8,15961.8,22266.75
29000,0608,93219,"Impost s/ construccions, instal·lacions",439023.36,439023.36,710135.3
32100,0608,93219,Taxes per llicències d'obres,43124.05,43124.05,6024.06
32101,0608,93219,Taxes per llicències d'activitats,35791.91,35791.91,43894.07
32300,0608,93219,Taxa inspecció d'execució d'obres,10,10,0
32301,0608,93219,"Taxes informes, planols i certificats ur (SIR)",6887.07,6887.07,3822
32500,0608,93219,Taxa per expedició documents serveis gen,3.41,3.41,2071.29
32904,0608,93219,Recollida i trasllat dipòsit elements vi,909.09,909.09,0
33001,0608,93219,Taxa reserva estacionament,6599.27,6599.27,14994.23
33100,0608,93219,Taxa per entrada vehicles (Guals),750734.67,750734.67,727344.66
33500,0608,93219,Taxa de taules i cadires (vetlladors),106886.5,106886.5,164632.71
33502,0608,93219,Taxes d'altres ocupacions via pública,193502.5,193502.5,187407.67
34300,0608,93219,Activitats centres esportius,10,10,0
34400,0608,93219,Actes culturals,2484.21,2484.21,0
34900,0608,93219,Activitats centres civics districtes,19120.8,19120.8,46587.3
36000,0608,93219,Publicacions,7.68,7.68,0
36002,0608,93219,Difusió d'informació per compte de terc.,5.65,5.65,0
36300,0608,93219,Impresos,10,10,0
38903,0608,93219,Pagaments indeguts d'exercicis anteriors,3779.62,3779.62,4265.43
38906,0608,93219,Reintegraments per subministres,2.35,2.35,0
38910,0608,93219,Reintegraments subvencions SIR,10,10,0
39130,0608,93219,Infraccions ordenances,168032.89,168032.89,500454.65
39191,0608,93219,Sancions de Contractes,10,10,0
39900,0608,93219,Execucions subsidiàries,0.42,0.42,0
39904,0608,93219,Indemnitzacions,3633.16,3633.16,11106.03
39907,0608,93219,Altres ingressos seguretat i mobilitat,4.1,4.1,0
39912,0608,93219,Incautació de dipòsits,10,10,0
39913,0608,93219,Actuacions fires del districte,10,10,0
41000,0608,93219,Aport. d'OOAA de l'Ajuntament Barcelona,10,10,0
45080,0608,93219,Altres subvencions de la CCAA,10,10,0
47000,0608,93219,Aportacions finalistes empreses privades,10,10,0
48010,0608,93219,Aport. finalistes famílies i institucion,10,10,0
55002,0608,93219,Altres concessions administratives,8566.16,8566.16,0
29000,0609,93219,"Impost s/ construccions, instal·lacions",744107.39,744107.39,1443123.42
32100,0609,93219,Taxes per llicències d'obres,94333.84,94333.84,18453.86
32101,0609,93219,Taxes per llicències d'activitats,56670.52,56670.52,68286.89
32300,0609,93219,Taxa inspecció d'execució d'obres,10,10,0
32301,0609,93219,"Taxes informes, planols i certificats ur (SIR)",4098.83,4098.83,6843.61
32500,0609,93219,Taxa per expedició documents serveis gen,460.7,460.7,945.5
32904,0609,93219,Recollida i trasllat dipòsit elements vi,909.09,909.09,0
33001,0609,93219,Taxa reserva estacionament,13026.81,13026.81,17583.83
33100,0609,93219,Taxa per entrada vehicles (Guals),1411341.58,1411341.58,1513439.03
33500,0609,93219,Taxa de taules i cadires (vetlladors),187305.87,187305.87,197119.54
33502,0609,93219,Taxes d'altres ocupacions via pública,100087.5,100087.5,47531.75
34300,0609,93219,Activitats centres esportius,10,10,0
34400,0609,93219,Actes culturals,14392.45,14392.45,6131.22
34900,0609,93219,Activitats centres civics districtes,37680.07,37680.07,36850.74
36000,0609,93219,Publicacions,7.68,7.68,0
36002,0609,93219,Difusió d'informació per compte de terc.,5.65,5.65,0
36300,0609,93219,Impresos,10,10,0
38903,0609,93219,Pagaments indeguts d'exercicis anteriors,3779.62,3779.62,25233.39
38906,0609,93219,Reintegraments per subministres,5647.92,5647.92,0
38910,0609,93219,Reintegraments subvencions SIR,10,10,24619.1
39130,0609,93219,Infraccions ordenances,142121.64,142121.64,430103.39
39191,0609,93219,Sancions de Contractes,10,10,0
39900,0609,93219,Execucions subsidiàries,0.42,0.42,389.04
39904,0609,93219,Indemnitzacions,787.35,787.35,2910.63
39907,0609,93219,Altres ingressos seguretat i mobilitat,4.1,4.1,0
39912,0609,93219,Incautació de dipòsits,10,10,0
39913,0609,93219,Actuacions fires del districte,10,10,0
41000,0609,93219,Aport. d'OOAA de l'Ajuntament Barcelona,10,10,0
45080,0609,93219,Altres subvencions de la CCAA,10,10,0
47000,0609,93219,Aportacions finalistes empreses privades,10,10,0
48010,0609,93219,Aport. finalistes famílies i institucion,10,10,0
55002,0609,93219,Altres concessions administratives,46174,46174,34824.38
29000,0610,93219,"Impost s/ construccions, instal·lacions",1785857.71,1785857.71,4156896.44
32100,0610,93219,Taxes per llicències d'obres,269525.27,269525.27,49337.01
32101,0610,93219,Taxes per llicències d'activitats,113341.04,113341.04,128088.8
32300,0610,93219,Taxa inspecció d'execució d'obres,10,10,0
32301,0610,93219,"Taxes informes, planols i certificats ur (SIR)",17.36,17.36,17682
32302,0610,93219,"Taxes informes, planols i certificats ur (SAP)",800,800,3291.65
32500,0610,93219,Taxa per expedició documents serveis gen,1763.81,1763.81,4256.66
32904,0610,93219,Recollida i trasllat dipòsit elements vi,909.09,909.09,583.56
33001,0610,93219,Taxa reserva estacionament,46194.93,46194.93,50081.13
33100,0610,93219,Taxa per entrada vehicles (Guals),2030351.04,2030351.04,2132000.35
33500,0610,93219,Taxa de taules i cadires (vetlladors),610780.02,610780.02,597766.15
33502,0610,93219,Taxes d'altres ocupacions via pública,200175,200175,402077.57
34300,0610,93219,Activitats centres esportius,10,10,0
34400,0610,93219,Actes culturals,9.39,9.39,7211.02
34900,0610,93219,Activitats centres civics districtes,13966.5,13966.5,58899.22
36000,0610,93219,Publicacions,7.68,7.68,0
36002,0610,93219,Difusió d'informació per compte de terc.,5.65,5.65,0
36300,0610,93219,Impresos,10,10,0
38903,0610,93219,Pagaments indeguts d'exercicis anteriors,3779.62,3779.62,36981.72
38906,0610,93219,Reintegraments per subministres,2.35,2.35,0
38910,0610,93219,Reintegraments subvencions SIR,10,10,6000
39130,0610,93219,Infraccions ordenances,189950.22,189950.22,812091.82
39191,0610,93219,Sancions de Contractes,10,10,0
39900,0610,93219,Execucions subsidiàries,0.42,0.42,123130.76
39904,0610,93219,Indemnitzacions,9.16,9.16,0
39907,0610,93219,Altres ingressos seguretat i mobilitat,4.1,4.1,0
39912,0610,93219,Incautació de dipòsits,10,10,0
39913,0610,93219,Actuacions fires del districte,10,10,0
41000,0610,93219,Aport. d'OOAA de l'Ajuntament Barcelona,10,78932.56,78932.56
45080,0610,93219,Altres subvencions de la CCAA,10,10,0
47000,0610,93219,Aportacions finalistes empreses privades,10,10,0
48010,0610,93219,Aport. finalistes famílies i institucion,10,10,0
55002,0610,93219,Altres concessions administratives,68103.66,68103.66,72110.47
32500,0701,93219,Taxa per expedició documents serveis gen,0,0,45.99
33501,0701,93219,Taxa de quioscos i vidrieres,652000,652000,654936.55
34104,0701,93219,Temps Barri - cursos famílies i discapac,6000,6000,0
38903,0701,93219,Pagaments indeguts d'exercicis anteriors,8.75,8.75,158782.36
39191,0701,93219,Sancions de Contractes,10,10,0
39800,0701,93219,Indemnitzacions Assegurances No de Vida,0,0,6585.62
39904,0701,93219,Indemnitzacions,9.16,9.16,0
39911,0701,93219,Compensacio costos,788471.1,788471.1,8750132.78
39912,0701,93219,Incautació de dipòsits,10,10,0
39918,0701,93219,Repercussió costos FCV,10,10,168
42090,0701,93219,Altres transf. corrents de l'A.G.Estat,10,10,20510.09
47000,0701,93219,Aportacions finalistes empreses privades,10,10,0
48010,0701,93219,Aport. finalistes famílies i institucion,10,10,0
54100,0701,93219,Producte de l'arrendament de finques ur.,1438000,1438000,2568331.03
54101,0701,93219,Lloguers locals Foment de Ciutat Vella,0,0,11809.67
54102,0701,93219,Lloguers habitatges Foment de Ciutat Vella,0,0,171043.49
54103,0701,93219,Arrendaments finques sense IVA,5000,5000,10493.24
54105,0701,93219,Lloguer sales tècniques,10,10,138857.91
55000,0701,93219,Concessions d'aparcaments,3599000,3599000,2826456.82
55001,0701,93219,Concessions d'instal·lacions esportives,10,10,10434.76
55002,0701,93219,Altres concessions administratives,22932115.29,22932115.29,19846483.62
55003,0701,44121,Canon bicing,4550000,4550000,5081386.3
55200,0701,93219,Drets superfície amb contraprest. periòd,2600000,2600000,2784040.23
55250,0701,93219,Dret Superficie PMSH,20,20,17953.78
55300,0701,93219,Dret super. contraprestació no periòdico,20,20,0
55350,0701,93219,Dret de superfície no periòdic PMSH,20,20,0
55501,0701,93219,Canons i rendiments d'empreses,10,10,191085.85
55901,0701,93219,Cànon publicitat quioscos,3000000,3000000,3455391.3
60302,0701,15050,Altres indemnitzacions PMSH,0,0,1156278.1
38903,0702,93219,Pagaments indeguts d'exercicis anteriors,75592.32,75592.32,271160.21
38908,0702,93219,Reintegrament despeses,10,10,0
39191,0702,93219,Sancions de Contractes,10,10,0
39904,0702,93219,Indemnitzacions,9.16,9.16,0
39912,0702,93219,Incautació de dipòsits,10,10,0
42090,0702,93219,Altres transf. corrents de l'A.G.Estat,10,10,0
45100,0702,93219,Subvenció OOAA Generalitat,0,2253755.54,2253755.54
46100,0702,93219,Aportacions de la Diputació de Barcelona,0,57500,57500
46500,0702,93219,Consells Comarcals,0,50000,50000
47000,0702,93219,Aportacions finalistes empreses privades,10,10,0
48010,0702,93219,Aport. finalistes famílies i institucion,10,10,0
49700,0702,93219,Aport. UE i d'altres municipis europeus,0,91214.03,91214.03
49910,0702,93219,Subv. final. d'organismes internacionals,0,150000,150000
10000,0703,93219,Cessió IRPF,51301004.77,51301004.77,59537404.93
11301,0703,93219,IBI de naturalesa urbana,657092000,657092000,651761672.53
11401,0703,93219,IBI de característiques especials,11115000,11115000,11154892.95
11500,0703,93219,Impost sobre vehicles tracció mecànica,57140714,57140714,61046297.97
11600,0703,93219,I. s/ increm. valor terrenys nat. urbana,172677000,172677000,197176453.5
13000,0703,93219,Impost activitats econòmiques (IAE),80198000,80198000,85242201.68
13001,0703,93219,Impost activitats profesionals i artisti,10,10,7077.47
13004,0703,93219,Quotes nacionals i provincials IAE,10277300,10277300,9226674.14
18000,0703,93219,Directes extingits,10,10,-2119.69
21000,0703,93219,Cessió IVA,29463035.7,29463035.7,32717160.68
22000,0703,93219,Cessió IE alcohol i derivats,387731.75,387731.75,389204.76
22001,0703,93219,Cessió IE cervesa,137271.17,137271.17,130797.94
22003,0703,93219,Cessió IE tabac,3283981.93,3283981.93,3626637.3
22004,0703,93219,Cessió IE hidrocarburs,5091084.76,5091084.76,5306242.27
22005,0703,93219,Cessió IE hidrocarburs 2014,380358.63,380358.63,0
22006,0703,93219,Cessió IE de productes intermedis,11668.9,11668.9,12322.28
30903,0703,93219,Taxa de cementiris,11864168,11864168,11927363.24
32600,0703,93219,Taxa de grua i parany,15839417,15839417,14069723.77
32601,0703,93219,Taxa abandonaments vehicles BSM,144000,144000,1870161.32
33000,0703,93219,Taxa estacionament de vehicles (parquím),39009503.99,39009503.99,37695513.77
33903,0703,93219,Taxa per caixers automàtics,291000,291000,331649.3
34908,0703,44121,Esponsoritzacions,99.98,99.98,0
34932,0703,93219,Encàrrec de gestió Parc Güell,10,10,0
36003,0703,93219,Altres ingressos per prestació serveis,10,10,0
38901,0703,93219,Reintegraments creditors extrapressup,10,10,0
38902,0703,93219,Reintegraments despeses avançades (ooaa),10,10,179324.86
38903,0703,93219,Pagaments indeguts d'exercicis anteriors,49135.01,49135.01,0
38904,0703,93219,Devolucions d'IVA pressupostari,10,10,0
38905,0703,93219,Devolucions d'ingressos,10,10,0
38909,0703,93219,Reintegraments ADOJ Exercicis anteriors,737000,737000,0
39130,0703,93219,Infraccions ordenances,51583.78,51583.78,1131431.57
39140,0703,93219,Infraccions d'ordenances inspecció (sanc,1726723.5,1726723.5,5020589.82
39191,0703,93219,Sancions de Contractes,10,10,0
39200,0703,93219,Recàrrecs declaració extemporanea s.r.p.,611000,611000,580916.14
39210,0703,93219,Recàrrec executiu,5089000,5089000,8644836.92
39211,0703,93219,Recàrrec apremi,6505000,6505000,2804176.1
39300,0703,93219,Interessos de demora,8092988.43,8092988.43,7913477.13
39612,0703,93219,Càrregues urbanístiques,10,10,1925840.49
39700,0703,15050,Cessió per aprofitament urbanístic (10%),0,0,3216014.53
39700,0703,93219,Cessió per aprofitament urbanístic (10%),4478472.4,4478472.4,0
39904,0703,93219,Indemnitzacions,9.1,9.1,0
39909,0703,93219,Sentències jutjats i tribunals,28000,28000,93960.72
39912,0703,93219,Incautació de dipòsits,10,10,0
39914,0703,93219,Recuperació costes embargaments,26000,26000,43998.76
39915,0703,93219,Recuperació costes notificacions,346000,346000,345862.1
39998,0703,93219,Altres ingressos extingits,10,10,767.67
39999,0703,93219,Altres ingressos diversos,0,0,279.02
41000,0703,93219,Aport. d'OOAA de l'Ajuntament Barcelona,10,10,0
42010,0703,93219,Fons complementari de finançament,922567964.63,922567964.63,912259867.58
42011,0703,93219,Compensació IAE inicial,85402521.69,85402521.69,84451632.58
42012,0703,93219,Compensació IAE addicional,4130320.69,4130320.69,4085016.04
42013,0703,93219,Fons complementari de finançament 2014,3970682.25,3970682.25,0
42014,0703,93219,Compensació IAE 2014,385536.47,385536.47,0
42030,0703,93219,Compensació tributs,2952000,2952000,2611320.26
42090,0703,93219,Altres transf. corrents de l'A.G.Estat,10,10,0
42190,0703,93219,D'altres organismes autònoms i agències,10,10,0
45010,0703,93219,Fons cooperació local de Catalunya (FCLC,3179057,3179057,3179057
45070,0703,15357,Aportació de Generalitat per llei barris,35358,110271.15,142270.87
45070,0703,15358,Aportació de Generalitat per llei barris,183258.38,183258.38,90954.85
45070,0703,15359,Aportació de Generalitat per llei barris,209638.34,314735.53,117079.07
45080,0703,93219,Altres subvencions de la CCAA,10,10,25000
46100,0703,93219,Aportacions de la Diputació de Barcelona,10,10,0
46900,0703,93219,Altres subvencions d'entitats locals,10,10,0
49041,0703,93219,Aport Fons Cohesió 2007-13 Eix 5,0,0,0
49111,0703,93219,Aportació FEDER 2007-2013 Eix 1,0,0,333018.18
49112,0703,93219,Aportació FEDER 07-13 eix 4 urban,0,0,0
49114,0703,93219,Aport. FEDER 2007-2013 eix renov. urb.,0,0,0.16
49116,0703,15346,Aport. FEDER 2014-2020 eix 2 EDUSI,0,0,493500
49920,0703,93219,Altres aportacions de l’exterior,10,10,0
50000,0703,93219,Int. de títols i val. emesos per l'estat,500000,500000,0
52000,0703,93219,Inter. de dipòs. ctes. de bancs o caixes,2000000,2000000,246920.79
52001,0703,93219,Interessos ajornats,1200000,1200000,1204418.76
52002,0703,93219,Interessos dipòsits a terminis,0,0,1046433.49
53400,0703,93219,De societats i entitats depenents de les,10.01,10.01,0
53700,0703,93219,D'empreses privades,0,0,2008529.59
55001,0703,93219,Concessions d'instal·lacions esportives,0,0,-11463
60000,0703,93219,Venda de solars,0,0,204054.24
60200,0703,93219,Venda parceles sobrants via pública,0,0,517881.91
60300,0703,15050,Venda Solars PMSH,100000,100000,0
60301,0703,15050,Permuta solars PMSH,10,10,0
60900,0703,93219,Indemnització substitutòria edificabilitat,10,10,227603.04
60901,0703,93219,Indemnització per construccions,10,10,0
60902,0703,93219,Expropiacions,10,10,31198.73
61900,0703,93219,Reversió de finques,10,10,0
61901,0703,93219,Venda places aparcaments,10,10,11485
61902,0703,93219,Habitatges i locals negoci,3921303,3921303,102392.6
61928,0703,93219,Reparacions Torres Venecianes,10,10,0
61950,0703,15050,Venda habitatges i locals PMSH,10,10,0
68000,0703,93219,Reint. tans. cap. empreses del grup,10,10,808354.65
68001,0703,93219,Reinteg operacions capital exerc.tancats,0,0,107993.98
68009,0703,93219,Reintegrament ADOJ exer. Anteriors,10,10,0
71000,0703,93219,Transf. capital Institut de Paisatge Urbà,10,10,0
72000,0703,93219,Aportacions de l'AG Estat,10,10,0
72011,0703,93219,Fons Estatal Ocupació i Sost. Local,10,10,0
72390,0703,93219,"De soc. mercantils estats, epe's i altre",10,10,0
75030,0703,93219,Transf. capital conveni en matèria d'educació,10,10,0
75031,0703,93219,Aportació Gencat/places educ preescolar,10,10,0
75061,0703,93219,Aportació Generalitat Centre Cultural Disseny,4582307.55,4582307.55,4582307.55
75062,0703,93219,Aport. Generalitat bateries antiaèries Turó Rovira,10,10,100000
75070,0703,15351,Aport. Generalitat llei de barris,336123.62,336123.62,336123.71
75070,0703,15357,Aport. Generalitat llei de barris,775000,924389.11,759560.68
75070,0703,15358,Aport. Generalitat llei de barris,1682363.82,1682363.82,181745.3
75070,0703,15359,Aport. Generalitat llei de barris,3289500,3289500,430105.32
75081,0703,93219,Aport. Generalitat Biblioteques,10,10,270000
75100,0703,93219,Aportació Consell Català de l'Esport,10,10,352035
76100,0703,93219,Aportacions de la Diputació de Barcelona,3200000,4034982.14,2926430.98
77000,0703,93219,Aportacions d'empreses privades,0,0,0
79101,0703,93219,Aport. Feder Eix 1,0,0,73101.55
79105,0703,93219,Conveni PO FEDER Catalunya 2014-2020,1192039,1192039,0
84010,0703,01111,Devolució dipòsits constituïts a llarg t,5000000,5000000,0
85001,0703,93219,Alienació accions. Liquidació Holsa,0,0,11770.36
85005,0703,93219,Accions BCN Emprèn,0,0,72942.62
87000,0703,93219,Rom. Tresoreria despeses generals,0,1946205.88,0
87010,0703,93219,Rom. Tresoreria desp. finanç. afectat,0,12461620.25,0
90140,0703,93219,Emisión bonos sostenibles 35 M € (vt. 20/12/2027),0,0,35000000
90199,0703,93219,Nou finançament,204233195.34,204233195.34,0
91336,0703,93219,Préstec 40M€  (vt.15/12/2032),0,0,40000000
91337,0703,93219,"Préstec 7,5 M € (vt. 20/12/2032)",0,0,7500000
91338,0703,93219,Préstec 15 M € (vt. 18/12/2027),0,0,15000000
91339,0703,93219,"Préstec 28,6 M€ (vt. 18/12/2027)",0,0,28625000
94101,0703,93219,Fiances per guals (recepció),150000,150000,912775.64
94102,0703,93219,Fiances urbanístiques (recepció),1450000,1450000,2435809.69
36000,0801,93219,Publicacions,7.68,7.68,0
39191,0801,93219,Sancions de Contractes,10,10,0
39904,0801,93219,Indemnitzacions,9.16,9.16,0
39908,0801,93219,Actes promoció relacions cíviques,10,10,0
39912,0801,93219,Incautació de dipòsits,10,10,0
41000,0801,93219,Aport. d'OOAA de l'Ajuntament Barcelona,10,10,0
42090,0801,93219,Altres transf. corrents de l'A.G.Estat,10,10,-4827.08
42091,0801,93219,Aportació Estat institucions àmplia proj,10,10,0
45044,0801,93219,Subv. finalistes Generalitat immigració,1155588,1155588,1133216.96
45080,0801,93219,Altres subvencions de la CCAA,10,10,355166.97
46100,0801,93219,Aportacions de la Diputació de Barcelona,10,10,75291
47000,0801,93219,Aportacions finalistes empreses privades,10,10,0
48010,0801,93219,Aport. finalistes famílies i institucion,10,10,0
49700,0801,93219,Aport. UE i d'altres municipis europeus,0,0,153600
